social,security,card
social,security,number
social,security,disability
social,security,benefits
apply,social,security
2000,social,security
earn,social,security
fake,social,security
name,social,security
proof,social,security
social,security
united,states
food,stamps
register,vote
police,officer
tax,return
income,tax
green,card
tax,returns
small,business
government,indian,government
indian,government,taking
indian,government,employee
indian,government,jobs
isnâ€™t,indian,government
indian,government,spending
indian,government,employees
indian,government,privatize
indian,government,employee?
indian,government,done
indian,government
government,government
central,government
tamil,nadu
modi,government
united,states
steps,taken
3,years
taking,action
tamil,nadu?
